﻿<?xml version="1.0"?>
<doc>
<assembly>
<name>
BibPlanMaker
</name>
</assembly>
<members>
<member name="M:BibPlanMaker.FTPClass.setRemoteHost(System.String)">

 Set the name of the FTP server to connect to.

 Server name
</member>
<member name="M:BibPlanMaker.FTPClass.getRemoteHost">

 Return the name of the current FTP server.

 Server name
</member>
<member name="M:BibPlanMaker.FTPClass.setRemotePort(System.Int32)">

 Set the port number to use for FTP.

 Port number
</member>
<member name="M:BibPlanMaker.FTPClass.getRemotePort">

 Return the current port number.

 Current port number
</member>
<member name="M:BibPlanMaker.FTPClass.setRemotePath(System.String)">

 Set the remote directory path.

 The remote directory path
</member>
<member name="M:BibPlanMaker.FTPClass.getRemotePath">

 Return the current remote directory path.

 The current remote directory path.
</member>
<member name="M:BibPlanMaker.FTPClass.setRemoteUser(System.String)">

 Set the user name to use for logging into the remote server.

 Username
</member>
<member name="M:BibPlanMaker.FTPClass.setRemotePass(System.String)">

 Set the password to user for logging into the remote server.

 Password
</member>
<member name="M:BibPlanMaker.FTPClass.getFileList(System.String)">

 Return a string array containing the remote directory's file list.



</member>
<member name="M:BibPlanMaker.FTPClass.getFileSize(System.String)">

 Return the size of a file.



</member>
<member name="M:BibPlanMaker.FTPClass.login">

 Login to the remote server.

</member>
<member name="M:BibPlanMaker.FTPClass.setBinaryMode(System.Boolean)">

 If the value of mode is true, set binary mode for downloads.
 Else, set Ascii mode.


</member>
<member name="M:BibPlanMaker.FTPClass.download(System.String)">

 Download a file to the Assembly's local directory,
 keeping the same file name.


</member>
<member name="M:BibPlanMaker.FTPClass.download(System.String,System.Boolean)">

 Download a remote file to the Assembly's local directory,
 keeping the same file name, and set the resume flag.



</member>
<member name="M:BibPlanMaker.FTPClass.download(System.String,System.String)">

 Download a remote file to a local file name which can include
 a path. The local file name will be created or overwritten,
 but the path must exist.



</member>
<member name="M:BibPlanMaker.FTPClass.download(System.String,System.String,System.Boolean)">

 Download a remote file to a local file name which can include
 a path, and set the resume flag. The local file name will be
 created or overwritten, but the path must exist.




</member>
<member name="M:BibPlanMaker.FTPClass.upload(System.String)">

 Upload a file.


</member>
<member name="M:BibPlanMaker.FTPClass.upload(System.String,System.Boolean)">

 Upload a file and set the resume flag.



</member>
<member name="M:BibPlanMaker.FTPClass.deleteRemoteFile(System.String)">

 Delete a file from the remote FTP server.


</member>
<member name="M:BibPlanMaker.FTPClass.renameRemoteFile(System.String,System.String)">

 Rename a file on the remote FTP server.



</member>
<member name="M:BibPlanMaker.FTPClass.mkdir(System.String)">

 Create a directory on the remote FTP server.


</member>
<member name="M:BibPlanMaker.FTPClass.rmdir(System.String)">

 Delete a directory on the remote FTP server.


</member>
<member name="M:BibPlanMaker.FTPClass.chdir(System.String)">

 Change the current working directory on the remote FTP server.


</member>
<member name="M:BibPlanMaker.FTPClass.close">

 Close the FTP connection.

</member>
<member name="M:BibPlanMaker.FTPClass.setDebug(System.Boolean)">

 Set debug mode.


</member>
<member name="T:BibPlanMaker.My.Resources.Resources">
<summary>
  A strongly-typed resource class, for looking up localized strings, etc.
</summary>
</member>
<member name="P:BibPlanMaker.My.Resources.Resources.ResourceManager">
<summary>
  Returns the cached ResourceManager instance used by this class.
</summary>
</member>
<member name="P:BibPlanMaker.My.Resources.Resources.Culture">
<summary>
  Overrides the current thread's CurrentUICulture property for all
  resource lookups using this strongly typed resource class.
</summary>
</member>
</members>
</doc>
